train_loss,epoch,step
3607.398186088922,1,49
3587.9342280636097,3,99
3570.585720205434,5,149
3563.402227345358,7,199
3563.3024254139245,9,249
