train_loss,epoch,step
3594.18688660623,1,49
3549.0060828812366,3,99
3503.446650702985,5,149
3457.155610920443,7,199
3414.657303517241,9,249
