train_loss,epoch,step
3581.9398125022926,1,49
3560.2519217468603,3,99
3554.432476235329,5,149
3550.112478852216,7,199
3547.4175850035585,9,249
