train_loss,epoch,step
3275.053684105739,1,49
2918.3662710411313,3,99
2614.6320586058337,5,149
2353.153251257896,7,199
2126.036729442964,9,249
