train_loss,epoch,step
3568.9553988983757,1,49
3524.1543231206138,3,99
3469.5386944833153,5,149
3404.563065004317,7,199
3347.9463401846506,9,249
