train_loss,epoch,step
3605.0989413372035,1,49
3548.456884816691,3,99
3495.8988809617263,5,149
3450.888778754724,7,199
3407.573887055282,9,249
